{"cameraMode":{"drawMode":0,"name":"Shaded","section":"Shading Mode"},"sceneLighting":true,"audioPlay":false,"sceneViewState":{"m_AlwaysRefresh":false,"showFog":false,"showSkybox":true,"showFlares":true,"showImageEffects":true,"showParticleSystems":true,"showVisualEffectGraphs":true,"m_FxEnabled":true},"in2DMode":false,"pivot":{"x":0.034763991832733157,"y":0.1958942413330078,"z":-0.8193378448486328},"rotation":{"x":0.620445191860199,"y":0.0059054819867014889,"z":-0.004619164392352104,"w":0.7842532992362976},"size":23.371570587158204,"orthographic":false}