{"cameraMode":{"drawMode":0,"name":"Shaded","section":"Shading Mode"},"sceneLighting":true,"audioPlay":false,"sceneViewState":{"m_AlwaysRefresh":false,"showFog":false,"showSkybox":true,"showFlares":true,"showImageEffects":true,"showParticleSystems":true,"showVisualEffectGraphs":true,"m_FxEnabled":true},"in2DMode":false,"pivot":{"x":-0.6608927845954895,"y":-0.6711306571960449,"z":-1.1006147861480713},"rotation":{"x":0.6641323566436768,"y":0.002280151704326272,"z":-0.0019476524321362377,"w":0.7476527094841003},"size":17.721960067749025,"orthographic":false}