{"cameraMode":{"drawMode":0,"name":"Shaded","section":"Shading Mode"},"sceneLighting":true,"audioPlay":false,"sceneViewState":{"m_AlwaysRefresh":false,"showFog":false,"showSkybox":true,"showFlares":true,"showImageEffects":true,"showParticleSystems":true,"showVisualEffectGraphs":true,"m_FxEnabled":true},"in2DMode":false,"pivot":{"x":-0.975644588470459,"y":3.5574355125427248,"z":4.764897346496582},"rotation":{"x":0.24383459985256196,"y":-0.0014340983470901847,"z":0.0004455526650417596,"w":0.9698577523231506},"size":14.479535102844239,"orthographic":false}