{"cameraMode":{"drawMode":0,"name":"Shaded","section":"Shading Mode"},"sceneLighting":true,"audioPlay":false,"sceneViewState":{"m_AlwaysRefresh":false,"showFog":false,"showSkybox":true,"showFlares":true,"showImageEffects":true,"showParticleSystems":true,"showVisualEffectGraphs":true,"m_FxEnabled":true},"in2DMode":false,"pivot":{"x":-0.9618402719497681,"y":-0.6990137100219727,"z":-0.733353853225708},"rotation":{"x":-0.6356505155563355,"y":0.00297780754044652,"z":-0.002513740910217166,"w":-0.7720445394515991},"size":15.846766471862793,"orthographic":false}