{"cameraMode":{"drawMode":0,"name":"Shaded","section":"Shading Mode"},"sceneLighting":false,"audioPlay":false,"sceneViewState":{"m_AlwaysRefresh":false,"showFog":false,"showSkybox":false,"showFlares":true,"showImageEffects":true,"showParticleSystems":true,"showVisualEffectGraphs":true,"m_FxEnabled":true},"in2DMode":false,"pivot":{"x":3.4311866760253908,"y":1.7648415565490723,"z":0.38942623138427737},"rotation":{"x":0.620445191860199,"y":0.0059054819867014889,"z":-0.004619164392352104,"w":0.7842532992362976},"size":0.8660253882408142,"orthographic":false}